UUID,Name,Image
454da174-ef8f-4a90-b2a7-394386ce404d,Potrero Table - Wood - Main,eco-table-a-wood-1.jpg
07ec84a5-9214-4177-8672-1839e7273fab,Potrero Table - Wood - Setting,eco-table-a-wood-2.jpg
b68a21b4-1ac4-47de-be2e-eeb53d00f8c3,Potrero Table - White - Main,eco-table-a-white-1.jpg
9d8f9d09-b9c7-4a30-b28f-3b6fb34f4694,Potrero Table - White - Setting,eco-table-a-white-2.jpg
8fcf0515-4f13-443b-8f07-a06f9bac58cf,Ballet Table - Black - Main,eco-table-b-black-1.jpg
49c52cca-c6dc-4dbc-99cb-c8c3af59213e,Ballet Table - Black - Setting,eco-table-b-black-2.jpg
3eca928d-c735-4ef5-bd1b-8cba2f661066,Ballet Table - Silver - Main,eco-table-b-silver-1.jpg
1d3736fd-7cd4-4bd1-9941-d7fd0bb1701a,Ballet Table - Silver - Setting,eco-table-b-silver-2.jpg
4a0bcab8-96bb-4d3f-8858-b4de7ddf811d,Cobi Chair - Blue - Main,eco-chair-a-blue-1.jpg
600a2e86-6418-4ffe-af20-1262a1c88227,Cobi Chair - Blue - Setting,eco-chair-a-blue-2.jpg
7cc98be1-d251-41dd-9a69-0513274821e7,Cobi Chair - Purple - Main,eco-chair-a-purple-1.jpg
4c4c259a-3891-48f3-98ed-7a01785cb052,Cobi Chair - Purple - Setting,eco-chair-a-purple-2.jpg
82aed67e-6169-48ce-bb4c-174d9bedba5,Kart Chair - Bronze - Main,eco-chair-b-bronze-1.jpg
a343bd77-b44f-4aa0-89c9-9034f72c5395,Kart Chair - Bronze - Setting,eco-chair-b-bronze-2.jpg
ab514054-5967-4926-bb98-7820a96b80a,Kart Chair - Black - Main,eco-chair-b-black-1.jpg
9c218c67-f485-4314-a44b-e397cf6f75c1,Kart Chair - Black - Setting,eco-chair-b-black-2.jpg
6a7e58f4-b2e3-4ba1-a8ea-9804ec930560,Big Campfire Lamp - Black - Main,eco-light-a-black-1.jpg
75892b9d-e7b7-4f15-966c-abd5c7cfb66,Big Campfire Lamp - Black - Setting,eco-light-a-black-2.jpg
82aed67e-6169-48ce-bb4c-174d9bedba5c,Big Campfire Lamp - Silver - Main,eco-light-a-silver-1.jpg
ed6a5948-a5a5-45f5-90a1-87c39467cf17,Big Campfire Lamp - Silver - Setting,eco-light-a-silver-2.jpg
49438460-7653-4c8a-b45e-186590c8e5ed,LED Personal Task Light - White - Main,eco-light-b-white-1.jpg
e96ea13c-c82a-4fef-a5dc-6fb79ce10092,LED Personal Task Light - White - Setting,eco-light-b-white-2.jpg
aeb3ff4d-bd16-450d-b500-c0ccf0aee778,LED Personal Task Light - Black - Main,eco-light-b-black-1.jpg
385934db-2776-43ed-aa59-1c8d6374a2f4,LED Personal Task Light - Black - Setting,eco-light-b-black-2.jpg
5b42a99e-572f-4d38-b489-db1b240cb4ec,Media:Scape - Bamboo - Main,eco-conference-a-wood-1.jpg
8f670826-407e-44e1-b2ea-a075d4da17db,Media:Scape - Bamboo - Setting,eco-conference-a-wood-2.jpg
f285c501-24da-4ae9-867f-a884eea71096,Media:Scape - White - Main,eco-conference-a-white-1.jpg
f539ada9-9fbb-4b9f-b6ba-8b8640b127d9,Media:Scape - White - Setting,eco-conference-a-white-2.jpg
fa0812ac-631d-4634-aee6-dd8917d1fd91,Convene - Wood - Main,eco-conference-b-wood-1.jpg
bcd13d7b-598d-4c38-8df8-029539a49421,Convene - Wood - Setting,eco-conference-b-wood-2.jpg
164d3035-b92f-401f-8fd6-1cc13b2d6e3d,Convene - White - Main,eco-conference-b-white-1.jpg
f9d69057-1d77-489f-a7ee-5814d0a071f4,Convene - White - Setting,eco-conference-b-white-2.jpg
a1d89f14-2d4d-4ecd-8f73-b38cc51a995c,Think Chair - Blue - Main,tec-chair-a-blue-1.jpg
cb2f5297-f311-408c-a7ed-4078f140f883,Think Chair - Blue - Setting,tec-chair-a-blue-2.jpg
e13c45fd-908a-4986-a731-3dde59d240bc,Think Chair - Purple - Main,tec-chair-a-purple-1.jpg
ec439b42-0b79-4617-8d88-04661e301cf6,Think Chair - Purple - Setting,tec-chair-a-purple-2.jpg
2aded2a0-8ff7-4795-a1b0-df9210009b3f,Shortcut Chair - Blue - Main,tec-chair-b-blue-1.jpg
169c4882-2759-44db-abe6-0c9e4727c535,Shortcut Chair - Blue - Setting,tec-chair-b-blue-2.jpg
4df13240-0cb0-484d-ba2a-1b29fde03c16,Shortcut Chair - Silver - Main,tec-chair-b-silver-1.jpg
80cf8eb5-e2ab-4e2e-9a37-01070060f69d,Shortcut Chair - Silver - Setting,tec-chair-b-silver-2.jpg
6314512d-f5c2-4727-8fd1-20863edc2da2,Encompass - Black - Main,tec-table-a-black-1.jpg
635a60e3-f8d1-4ca4-b8e9-493ce525fe41,Encompass - Black - Setting,tec-table-a-black-2.jpg
0abda167-d669-44c4-b47b-185fb1120d72,Encompass - Wood - Main,tec-table-a-wood-1.jpg
a30cc346-a36c-4b10-b1b7-ad323b45f9a7,Encompass - Wood - Setting,tec-table-a-wood-2.jpg
4971e679-5a5b-4e8e-b60b-30b0d34e3205,Verb Table - White - Main,tec-table-b-white-1.jpg
a860bab2-fd06-4fbd-a4d5-e3efb47157ce,Verb Table - White - Setting,tec-table-b-white-2.jpg
dc97e84a-1ba0-44f9-8198-1d47d0264718,Verb Table - Wood - Main,tec-table-b-wood-1.jpg
026bc1c5-7bb8-4665-bcdc-4f1a88db5528,Verb Table - Wood - Setting,tec-table-b-wood-2.jpg
53754cfc-29c9-405a-9dcc-9cf56d59516e,Dash Light - Silver - Main,tec-light-a-silver-1.jpg
5221251f-aaa4-4551-81ca-92318388a4ac,Dash Light - Silver - Setting,tec-light-a-silver-2.jpg
6ec2b406-7673-43ed-ada7-95251c3e8602,Dash Light - Blue - Main,tec-light-a-blue-1.jpg
b3337e5e-1fed-44cb-b95a-d00dac448fa1,Dash Light - Blue - Setting,tec-light-a-blue-2.jpg
7c4dd5cb-1800-4164-81d1-7b2d43bcee44,Origin - Black - Main,tec-light-b-black-1.jpg
6ba1c7fc-1d18-452a-8b56-2f15db26a1c9,Origin - Black - Setting,tec-light-b-black-2.jpg
faf34275-c167-479b-8839-cd599fdf56b9,Origin - Blue - Main,tec-light-b-blue-1.jpg
075ae612-8259-4f6b-9c9c-e3b860d004ff,Origin - Blue - Setting,tec-light-b-blue-2.jpg
589e612e-c9ae-42ca-9304-c4bfdd7d856a,Conquer - Wood - Main,tec-table-c-wood-1.jpg
9128f9da-80e2-4945-abd5-80b8e2e51f2f,Conquer - Wood - Setting,tec-table-c-wood-2.jpg
3af6b5e6-d799-411a-8c0d-ba1f1a948fde,Conquer - White - Main,tec-table-c-white-1.jpg
bf35ef5f-bced-449a-a00f-eba30a642d39,Conquer - White - Setting,tec-table-c-white-2.jpg
9bb09c21-ff75-42c0-a371-5f004f3cf592,Quell - Orange - Main,tec-divider-a-orange-1.jpg
51348978-30f5-4657-a2b6-f50bf16631c2,Quell - Orange - Setting,tec-divider-a-orange-2.jpg
b6f3b506-c8ee-44f3-9157-e41036d7676a,Quell - Red - Main,tec-divider-a-red-1.jpg
69667a3f-9cc2-46d9-9f77-b56a6c3ef75e,Quell - Red - Setting,tec-divider-a-red-2.jpg
d7abb008-1d62-4e75-939c-173987132afc,Levy - Silver - Main,min-ch-a-sil-1.jpg
f08f5ae8-183a-467f-ac7f-f945839cb6f0,Levy - Silver - Setting,min-ch-a-sil-2.jpg
cd0e4892-87eb-45d7-b829-beb3b1077b33,Levy - Gold - Main,min-ch-a-gd-1.jpg
57bf2927-038e-445a-8945-dce88b92baae,Levy - Gold - Setting,min-ch-a-gd-2.jpg
cbe420ca-f9ae-4b87-bd76-5c7cab10cbab,Nora - Black - Main,min-ch-b-bl-1.jpg
8363ed5f-2b9d-4742-b34c-130560f7737b,Nora - Black - Setting,min-ch-b-bl-2.jpg
ee906222-3d4d-4784-97dd-41a7b23da766,Nora - Bronze - Main,min-ch-b-br-1.jpg
4893d0fa-9b32-4418-8e3b-5ff84eab3154,Nora - Bronze - Setting,min-ch-b-br-2.jpg
6a80d9be-cda3-41cf-ae38-8be122a66e82,Taylor - White - Main,min-tb-a-wt-1.jpg
17b75389-7564-4a50-a83f-13dbb81e7595,Taylor - White - Setting,min-tb-a-wt-2.jpg
7c1128dc-20ff-412b-b637-e77facd2f7a6,Taylor -  Wood - Main,min-tb-a-wd-1.jpg
a6d022e5-e062-48ad-8787-67ec3aa148f6,Taylor - Wood - Setting,min-tb-a-wd-2.jpg
9268c77d-9279-43bc-b5d1-2e8336324536,Sam - White - Main,min-tb-b-wt-1.jpg
19deb161-2a6a-4009-b077-e20dc77023eb,Sam - White - Setting,min-tb-b-wt-2.jpg
09efb494-bc1f-40f6-90d0-f1a3fb7584ae,Sam - Black - Main,min-tb-b-bl-1.jpg
a875b69f-49d7-4dc4-a07d-9e4d00fa1da1,Sam - Black - Setting,min-tb-b-bl-2.jpg
d62b6047-7c02-47ce-80ff-c6634260a06c,Katey Chandelier - Wood - Main,min-lgt-a-wd-1.jpg
2cda849f-ae32-4edc-9c88-7e75efc9ca26,Katey Chandelier - Wood - Setting,min-lgt-a-wd-2.jpg
bcdf30ac-decc-4f6a-92bd-ca3ec81c2761,Katey Chandelier - Bronze - Main,min-lgt-a-br-1.jpg
909b019c-8dbd-4334-9b1a-fb2d1ed6ef36,Katey Chandelier - Bronze - Setting,min-lgt-a-br-2.jpg
c0302a83-9b5a-49ea-8b17-a7c08267e81b,Henry - White - Main,min-lgt-b-wt-1.jpg
84b238e7-7d54-4dfa-9285-6c82ca09bce1,Henry - White - Setting,min-lgt-b-wt-2.jpg
346fcd36-aaed-4eee-96ed-834013c6e67c,Henry - Yellow - Main,min-lgt-b-yw-1.jpg
a413d319-8df1-4b72-bb10-e733d159e8c0,Henry - Yellow - Setting,min-lgt-b-yw-2.jpg
a6fb5b68-3bd5-4b06-8fcc-5a0684b309a9,Tom Conference Chair - Black - Main,min-cr-a-bl-1.jpg
e8d6cacb-97b9-483f-a1bc-be7f2f122326,Tom Conference Chair - Black - Setting,min-cr-a-bl-2.jpg
42ba18ce-ebd7-4913-9b79-43800a3c305a,Tom Conference Chair - Silver - Main,min-cr-a-sil-1.jpg
5f6979b8-5ee3-4100-86f4-ae0573d0a462,Tom Conference Chair - Silver - Setting,min-cr-a-sil-2.jpg
f24187a9-31fa-4100-813e-346077bd73d0,Jim Conference set - Wood - Main,min-cr-b-wd-1.jpg
d0c1c508-17ce-4b57-ab79-0855f481804f,Jim Conference set - Wood - Setting,min-cr-b-wd-2.jpg
480dd3ab-4260-4c5d-ab5f-b8da30b59207,Jim Conference set - Black - Main,min-cr-b-bl-1.jpg
65826d3c-dcaf-4b64-b94a-c4c0360b13e6,Jim Conference set - Black - Setting,min-cr-b-bl-2.jpg
f3e59a55-d3da-40b0-b48b-d628f8107a73,Genivive - Silver - Main,her-ch-a-sil-1.jpg
5b3676b6-1c08-418a-8f9c-5867f2545a56,Genivive - Silver - Setting,her-ch-a-sil-2.jpg
ee31bbcc-3a79-4383-ba6b-dd4bf1fb42a9,Genivive - Gold - Main,her-ch-a-gd-1.jpg
bab8b06e-951f-49aa-b842-1037c7491e04,Genivive - Gold - Setting,her-ch-a-gd-2.jpg
2fce431c-ab6e-432b-bd85-e4ac0a573969,Pemberly - Brown - Main,her-ch-a-br-1.jpg
8725560d-08b6-4b7a-bb24-6cbfc23e3621,Pemberly - Brown - Setting,her-ch-a-br-2.jpg
58c2834e-6a80-4e5a-876c-36b0456981a7,Pemberly - Black - Main,her-ch-a-bl-1.jpg
6b2b029b-d1fa-433f-9d07-7bc1aa2a5c00,Pemberly - Black - Setting,her-ch-a-bl-2.jpg
0266e13e-192e-426e-b4e7-feff6bf04147,Malania - White - Main,her-tb-a-wt-1.jpg
c87a9325-f1b1-4d5c-bece-e0fdb12b75ea,Malania - White - Setting,her-tb-a-wt-2.jpg
7fee5a55-ae8d-4ca9-9dab-3184c3c579f2,Malania - Wood - Main,her-tb-a-wd-1.jpg
faed3b07-cffb-4e06-bec0-5541f2c31e41,Malania - Wood - Setting,her-tb-a-wd-2.jpg
5be40215-ec05-47d4-ab28-520fa1118335,Essex - White - Main,her-tb-b-wt-1.jpg
e62fdebf-d7cf-4f38-a3e9-315e5d09a41d,Essex - White - Setting,her-tb-b-wt-2.jpg
9f6057a6-2426-45bb-9be3-522fcb0bab58,Essex - Black - Main,her-tb-b-bl-1.jpg
b3ca8df6-61b9-4551-8e61-2a723a36b25d,Essex - Black - Setting,her-tb-b-bl-2.jpg
0d9ddbe2-b8f2-4af7-b370-0f59e7f3df61,Constantine Chandelier - Black - Main,her-lgt-a-bl-1.jpg
b191e872-12e9-4613-82ac-664def91bb24,Constantine Chandelier - Black - Setting,her-lgt-a-bl-2.jpg
c74e5f57-1d4a-46f4-a597-7cc0c74eaa8c,Constantine Chandelier - Brown - Main,her-lgt-a-br-1.jpg
ad8ff080-0972-420d-95b9-ec14e24a3e4c,Constantine Chandelier - Brown - Setting,her-lgt-a-br-2.jpg
595ee901-4cfe-440b-bb89-6d597f61f9bf,Uxbridge - Silver - Main,her-lgt-b-sil-1.jpg
13bd615b-83ee-4bd2-a934-d5a1fd49fb9a,Uxbridge - Silver - Setting,her-lgt-b-sil-2.jpg
714dc419-683d-4360-994c-07611213f225,Uxbridge - Black - Main,her-lgt-b-bl-1.jpg
394cc1ee-470d-46f1-8e07-3aca82b17cf7,Uxbridge - Black - Setting,her-lgt-b-bl-2.jpg
648d5588-c86e-420a-97b6-d58ac256affd,Southampton chair - Black - Main,her-cr-a-bl-1.jpg
c2c91e0d-5934-4490-b7ee-1744f087f6c0,Southampton chair - Black - Setting,her-cr-a-bl-2.jpg
6f2473a3-bb09-4aa2-963c-dabca2ee0642,Southampton chair - Silver - Main,her-cr-a-sil-1.jpg
c25cf9b5-c7fc-4e34-9f87-43df9200f8ce,Southampton chair - Silver - Setting,her-cr-a-sil-2.jpg
04e3087b-e05b-448c-b445-5f801c1b1dc3,Tenby Table - Silver - Main,her-cr-b-sil-1.jpg
d253b5a5-df76-4334-b8a6-00977415f70f,Tenby Table - Silver - Setting,her-cr-b-sil-2.jpg
2b218f62-55a1-4233-ae67-450771c5f119,Tenby Table - Brown - Main,her-cr-b-br-1.jpg
b0c548f5-9f3c-496d-b1b7-71bb0c810502,Tenby Table - Brown - Setting,her-cr-b-br-2.jpg
